ID,Category,Date,Admission Score,Acceptance Rate (%),Label
ID_1,Type B,2018-01-01,737,227.39,Neutral
ID_2,Type B,2018-01-02,821,489.67,Positive
ID_3,Type D,2018-01-03,525,154.81,Negative
ID_4,Type C,2018-01-04,459,90.67,Neutral
ID_5,Type C,2018-01-05,385,427.62,Positive
ID_6,Type C,2018-01-06,719,204.6,Positive
ID_7,Type C,2018-01-07,511,31.6,Positive
ID_8,Type B,2018-01-08,327,184.51,Positive
ID_9,Type C,2018-01-09,707,54.97,Neutral
ID_10,Type A,2018-01-10,263,118.44,Neutral
ID_11,Type C,2018-01-11,172,420.84,Positive
ID_12,Type A,2018-01-12,879,268.05,Positive
ID_13,Type B,2018-01-13,579,125.12,Negative
ID_14,Type A,2018-01-14,664,441.75,Neutral
ID_15,Type B,2018-01-15,447,327.81,Negative
ID_16,Type D,2018-01-16,203,484.92,Neutral
ID_17,Type A,2018-01-17,332,356.02,Positive
ID_18,Type C,2018-01-18,313,407.52,Neutral
ID_19,Type C,2018-01-19,672,292.07,Positive
ID_20,Type B,2018-01-20,712,478.09,Positive
ID_21,Type C,2018-01-21,506,497.47,Negative
ID_22,Type A,2018-01-22,931,386.74,Negative
ID_23,Type C,2018-01-23,875,416.22,Positive
ID_24,Type D,2018-01-24,311,144.64,Positive
ID_25,Type D,2018-01-25,335,405.02,Neutral
ID_26,Type D,2018-01-26,981,312.7,Negative
ID_27,Type B,2018-01-27,250,402.69,Neutral
ID_28,Type B,2018-01-28,45,136.85,Neutral
ID_29,Type B,2018-01-29,247,471.61,Neutral
ID_30,Type B,2018-01-30,979,138.87,Neutral
ID_31,Type A,2018-01-31,640,400.18,Negative
ID_32,Type B,2018-02-01,948,207.89,Positive
ID_33,Type D,2018-02-02,388,32.11,Positive
ID_34,Type A,2018-02-03,811,123.91,Neutral
ID_35,Type A,2018-02-04,500,403.69,Positive
ID_36,Type C,2018-02-05,272,220.57,Negative
ID_37,Type C,2018-02-06,139,111.0,Neutral
ID_38,Type A,2018-02-07,188,388.3,Positive
ID_39,Type D,2018-02-08,430,90.34,Positive
ID_40,Type A,2018-02-09,370,486.93,Neutral
ID_41,Type D,2018-02-10,596,443.81,Negative
ID_42,Type D,2018-02-11,341,232.56,Neutral
ID_43,Type B,2018-02-12,25,142.74,Neutral
ID_44,Type D,2018-02-13,991,452.51,Neutral
ID_45,Type D,2018-02-14,390,60.58,Positive
ID_46,Type A,2018-02-15,762,452.31,Positive
ID_47,Type D,2018-02-16,933,287.44,Negative
ID_48,Type B,2018-02-17,214,330.57,Positive
ID_49,Type C,2018-02-18,866,369.72,Negative
ID_50,Type B,2018-02-19,742,439.02,Positive
ID_51,Type D,2018-02-20,267,312.0,Positive
ID_52,Type B,2018-02-21,804,232.27,Neutral
ID_53,Type D,2018-02-22,676,104.85,Negative
ID_54,Type B,2018-02-23,58,441.71,Neutral
ID_55,Type B,2018-02-24,533,407.88,Neutral
ID_56,Type A,2018-02-25,247,88.24,Positive
ID_57,Type B,2018-02-26,931,219.94,Positive
ID_58,Type B,2018-02-27,636,296.61,Positive
ID_59,Type A,2018-02-28,651,332.96,Negative
ID_60,Type D,2018-03-01,6,313.11,Neutral
ID_61,Type C,2018-03-02,766,451.0,Positive
ID_62,Type D,2018-03-03,690,73.62,Neutral
ID_63,Type A,2018-03-04,818,480.18,Neutral
ID_64,Type A,2018-03-05,354,206.23,Positive
ID_65,Type A,2018-03-06,552,210.3,Positive
ID_66,Type D,2018-03-07,162,345.82,Negative
ID_67,Type C,2018-03-08,101,260.41,Negative
ID_68,Type B,2018-03-09,20,170.96,Negative
ID_69,Type C,2018-03-10,128,417.55,Neutral
ID_70,Type D,2018-03-11,529,495.63,Positive
ID_71,Type D,2018-03-12,569,430.79,Neutral
ID_72,Type B,2018-03-13,22,305.62,Negative
ID_73,Type A,2018-03-14,349,324.21,Neutral
ID_74,Type D,2018-03-15,745,29.2,Negative
ID_75,Type D,2018-03-16,872,69.3,Negative
ID_76,Type C,2018-03-17,925,125.26,Neutral
ID_77,Type D,2018-03-18,22,488.82,Negative
ID_78,Type B,2018-03-19,877,490.61,Neutral
ID_79,Type D,2018-03-20,7,375.08,Neutral
ID_80,Type D,2018-03-21,358,151.68,Negative
ID_81,Type B,2018-03-22,875,498.91,Neutral
ID_82,Type B,2018-03-23,439,493.06,Negative
ID_83,Type A,2018-03-24,551,315.76,Negative
ID_84,Type A,2018-03-25,437,483.48,Neutral
ID_85,Type C,2018-03-26,936,364.31,Positive
ID_86,Type C,2018-03-27,266,426.07,Positive
ID_87,Type D,2018-03-28,674,333.24,Neutral
ID_88,Type A,2018-03-29,900,397.25,Negative
ID_89,Type B,2018-03-30,253,37.56,Positive
ID_90,Type D,2018-03-31,815,97.03,Neutral
ID_91,Type D,2018-04-01,601,247.97,Negative
ID_92,Type B,2018-04-02,55,41.36,Positive
ID_93,Type D,2018-04-03,517,242.46,Positive
ID_94,Type A,2018-04-04,335,426.03,Positive
ID_95,Type C,2018-04-05,61,228.5,Positive
ID_96,Type A,2018-04-06,769,228.82,Neutral
ID_97,Type B,2018-04-07,983,370.09,Negative
ID_98,Type B,2018-04-08,942,299.76,Neutral
ID_99,Type A,2018-04-09,467,346.21,Neutral
ID_100,Type D,2018-04-10,851,288.87,Negative
ID_101,Type C,2018-04-11,724,285.2,Negative
ID_102,Type B,2018-04-12,450,38.14,Positive
ID_103,Type C,2018-04-13,462,479.96,Negative
ID_104,Type B,2018-04-14,837,398.95,Positive
ID_105,Type C,2018-04-15,790,197.9,Positive
ID_106,Type D,2018-04-16,340,154.33,Positive
ID_107,Type B,2018-04-17,621,218.04,Neutral
ID_108,Type B,2018-04-18,859,22.76,Positive
ID_109,Type A,2018-04-19,514,18.86,Positive
ID_110,Type B,2018-04-20,491,438.94,Neutral
ID_111,Type C,2018-04-21,660,211.17,Neutral
ID_112,Type D,2018-04-22,432,285.0,Neutral
ID_113,Type B,2018-04-23,173,444.49,Neutral
ID_114,Type D,2018-04-24,363,489.71,Negative
ID_115,Type C,2018-04-25,55,179.17,Negative
ID_116,Type D,2018-04-26,683,437.93,Neutral
ID_117,Type D,2018-04-27,306,107.08,Negative
ID_118,Type B,2018-04-28,984,324.69,Negative
ID_119,Type D,2018-04-29,23,366.94,Positive
ID_120,Type C,2018-04-30,616,424.83,Neutral
ID_121,Type A,2018-05-01,992,191.77,Positive
ID_122,Type A,2018-05-02,259,200.19,Neutral
ID_123,Type C,2018-05-03,222,195.57,Neutral
ID_124,Type C,2018-05-04,769,413.02,Positive
ID_125,Type B,2018-05-05,271,487.1,Positive
ID_126,Type D,2018-05-06,46,14.23,Positive
ID_127,Type C,2018-05-07,299,112.79,Neutral
ID_128,Type D,2018-05-08,475,208.34,Negative
ID_129,Type D,2018-05-09,68,90.52,Neutral
ID_130,Type D,2018-05-10,366,103.56,Neutral
ID_131,Type A,2018-05-11,962,395.75,Positive
ID_132,Type D,2018-05-12,335,155.96,Positive
ID_133,Type A,2018-05-13,736,419.22,Negative
ID_134,Type B,2018-05-14,484,367.15,Neutral
ID_135,Type D,2018-05-15,491,481.68,Neutral
ID_136,Type B,2018-05-16,597,389.86,Neutral
ID_137,Type D,2018-05-17,802,389.48,Positive
ID_138,Type A,2018-05-18,446,365.41,Positive
ID_139,Type A,2018-05-19,583,138.99,Negative
ID_140,Type D,2018-05-20,170,64.54,Negative
ID_141,Type D,2018-05-21,792,203.52,Positive
ID_142,Type D,2018-05-22,54,385.41,Neutral
ID_143,Type A,2018-05-23,46,196.87,Neutral
ID_144,Type D,2018-05-24,809,326.38,Negative
ID_145,Type D,2018-05-25,387,99.03,Neutral
ID_146,Type D,2018-05-26,440,333.52,Positive
ID_147,Type D,2018-05-27,595,155.31,Neutral
ID_148,Type B,2018-05-28,531,84.74,Positive
ID_149,Type B,2018-05-29,402,400.79,Neutral
ID_150,Type D,2018-05-30,341,276.58,Positive
ID_151,Type B,2018-05-31,372,498.24,Neutral
ID_152,Type C,2018-06-01,14,434.25,Positive
ID_153,Type C,2018-06-02,553,172.04,Negative
ID_154,Type A,2018-06-03,78,18.62,Positive
ID_155,Type B,2018-06-04,798,300.55,Positive
ID_156,Type D,2018-06-05,17,355.58,Neutral
ID_157,Type A,2018-06-06,170,254.5,Positive
ID_158,Type D,2018-06-07,462,288.88,Negative
ID_159,Type D,2018-06-08,88,389.39,Neutral
ID_160,Type A,2018-06-09,679,262.88,Negative
ID_161,Type D,2018-06-10,701,414.64,Positive
ID_162,Type C,2018-06-11,259,493.35,Neutral
ID_163,Type B,2018-06-12,286,127.5,Neutral
ID_164,Type C,2018-06-13,855,211.34,Neutral
ID_165,Type B,2018-06-14,159,25.97,Neutral
ID_166,Type B,2018-06-15,856,470.2,Negative
ID_167,Type C,2018-06-16,523,193.71,Neutral
ID_168,Type B,2018-06-17,553,132.99,Negative
ID_169,Type A,2018-06-18,228,216.17,Neutral
ID_170,Type A,2018-06-19,5,445.1,Negative
ID_171,Type D,2018-06-20,378,105.87,Positive
ID_172,Type B,2018-06-21,9,343.75,Negative
ID_173,Type A,2018-06-22,700,399.0,Positive
ID_174,Type D,2018-06-23,988,448.93,Positive
ID_175,Type D,2018-06-24,672,423.68,Neutral
ID_176,Type D,2018-06-25,126,66.37,Negative
ID_177,Type C,2018-06-26,319,79.23,Positive
ID_178,Type D,2018-06-27,748,202.31,Neutral
ID_179,Type A,2018-06-28,905,227.77,Positive
ID_180,Type A,2018-06-29,46,470.75,Positive
ID_181,Type C,2018-06-30,618,471.71,Neutral
ID_182,Type B,2018-07-01,873,58.88,Positive
ID_183,Type C,2018-07-02,456,383.44,Neutral
ID_184,Type A,2018-07-03,97,11.79,Negative
ID_185,Type D,2018-07-04,580,308.85,Negative
ID_186,Type C,2018-07-05,90,269.37,Negative
ID_187,Type B,2018-07-06,394,241.99,Negative
ID_188,Type B,2018-07-07,926,323.36,Negative
ID_189,Type D,2018-07-08,252,65.58,Positive
ID_190,Type C,2018-07-09,126,106.44,Positive
ID_191,Type D,2018-07-10,988,401.77,Positive
ID_192,Type B,2018-07-11,501,12.61,Positive
ID_193,Type B,2018-07-12,296,50.17,Neutral
ID_194,Type D,2018-07-13,4,481.29,Negative
ID_195,Type A,2018-07-14,826,70.35,Positive
ID_196,Type A,2018-07-15,837,16.8,Negative
ID_197,Type B,2018-07-16,456,344.94,Positive
ID_198,Type D,2018-07-17,329,345.65,Neutral
ID_199,Type A,2018-07-18,96,238.25,Positive
ID_200,Type D,2018-07-19,427,146.72,Positive
ID_201,Type C,2018-07-20,22,334.34,Positive
ID_202,Type A,2018-07-21,573,230.61,Positive
ID_203,Type C,2018-07-22,97,96.65,Negative
ID_204,Type A,2018-07-23,391,380.97,Neutral
ID_205,Type D,2018-07-24,488,126.52,Positive
ID_206,Type A,2018-07-25,85,218.95,Neutral
ID_207,Type D,2018-07-26,953,109.47,Negative
ID_208,Type C,2018-07-27,9,210.15,Neutral
ID_209,Type A,2018-07-28,412,431.45,Neutral
ID_210,Type C,2018-07-29,286,32.38,Neutral
ID_211,Type B,2018-07-30,989,385.42,Negative
ID_212,Type A,2018-07-31,480,212.42,Neutral
ID_213,Type D,2018-08-01,89,222.74,Negative
ID_214,Type B,2018-08-02,38,278.85,Positive
ID_215,Type B,2018-08-03,415,121.82,Neutral
ID_216,Type D,2018-08-04,744,212.24,Negative
ID_217,Type D,2018-08-05,688,217.87,Neutral
ID_218,Type B,2018-08-06,612,201.3,Negative
ID_219,Type B,2018-08-07,237,399.98,Negative
ID_220,Type B,2018-08-08,869,431.13,Neutral
ID_221,Type A,2018-08-09,61,208.31,Neutral
ID_222,Type A,2018-08-10,878,88.73,Positive
ID_223,Type A,2018-08-11,988,288.23,Neutral
ID_224,Type D,2018-08-12,727,286.36,Positive
ID_225,Type B,2018-08-13,854,299.54,Positive
ID_226,Type D,2018-08-14,717,164.45,Neutral
ID_227,Type A,2018-08-15,596,131.6,Neutral
ID_228,Type D,2018-08-16,644,329.17,Neutral
ID_229,Type D,2018-08-17,314,413.44,Positive
ID_230,Type A,2018-08-18,692,111.5,Neutral
ID_231,Type C,2018-08-19,968,466.3,Positive
ID_232,Type C,2018-08-20,205,436.46,Positive
ID_233,Type C,2018-08-21,678,474.71,Positive
ID_234,Type D,2018-08-22,671,376.6,Negative
ID_235,Type D,2018-08-23,841,378.1,Positive
ID_236,Type A,2018-08-24,129,108.01,Negative
ID_237,Type A,2018-08-25,352,70.2,Negative
ID_238,Type D,2018-08-26,192,376.84,Negative
ID_239,Type B,2018-08-27,617,152.08,Positive
ID_240,Type C,2018-08-28,341,131.61,Positive
ID_241,Type B,2018-08-29,582,410.74,Positive
ID_242,Type C,2018-08-30,204,181.45,Neutral
ID_243,Type B,2018-08-31,282,158.48,Neutral
ID_244,Type A,2018-09-01,198,303.25,Positive
ID_245,Type A,2018-09-02,891,198.61,Neutral
ID_246,Type C,2018-09-03,773,121.48,Positive
ID_247,Type C,2018-09-04,112,116.52,Positive
ID_248,Type D,2018-09-05,641,201.8,Neutral
ID_249,Type C,2018-09-06,214,340.13,Neutral
ID_250,Type A,2018-09-07,579,342.65,Positive
ID_251,Type C,2018-09-08,833,73.23,Positive
ID_252,Type D,2018-09-09,437,155.82,Negative
ID_253,Type D,2018-09-10,676,192.43,Positive
ID_254,Type C,2018-09-11,877,17.05,Positive
ID_255,Type C,2018-09-12,198,212.83,Positive
ID_256,Type A,2018-09-13,84,272.07,Neutral
ID_257,Type A,2018-09-14,643,215.89,Negative
ID_258,Type B,2018-09-15,177,28.46,Negative
ID_259,Type C,2018-09-16,728,187.2,Negative
ID_260,Type B,2018-09-17,807,397.94,Positive
ID_261,Type C,2018-09-18,681,173.38,Neutral
ID_262,Type D,2018-09-19,442,278.03,Negative
ID_263,Type D,2018-09-20,820,352.82,Positive
ID_264,Type D,2018-09-21,306,312.46,Negative
ID_265,Type A,2018-09-22,13,433.15,Positive
ID_266,Type B,2018-09-23,203,474.38,Negative
ID_267,Type B,2018-09-24,591,256.72,Neutral
ID_268,Type C,2018-09-25,414,50.09,Negative
ID_269,Type A,2018-09-26,905,205.89,Positive
ID_270,Type D,2018-09-27,160,114.59,Negative
ID_271,Type D,2018-09-28,696,74.95,Negative
ID_272,Type B,2018-09-29,26,166.66,Positive
ID_273,Type D,2018-09-30,700,439.17,Neutral
ID_274,Type D,2018-10-01,477,197.4,Negative
ID_275,Type C,2018-10-02,167,295.9,Positive
ID_276,Type D,2018-10-03,391,155.8,Negative
ID_277,Type C,2018-10-04,297,437.19,Neutral
ID_278,Type A,2018-10-05,828,209.91,Negative
ID_279,Type A,2018-10-06,832,399.24,Positive
ID_280,Type B,2018-10-07,859,260.15,Negative
ID_281,Type C,2018-10-08,160,370.6,Negative
ID_282,Type C,2018-10-09,740,217.77,Positive
ID_283,Type B,2018-10-10,305,433.81,Neutral
ID_284,Type A,2018-10-11,667,202.79,Positive
ID_285,Type D,2018-10-12,572,417.52,Positive
ID_286,Type A,2018-10-13,863,147.83,Positive
ID_287,Type D,2018-10-14,62,353.96,Positive
ID_288,Type A,2018-10-15,616,104.94,Neutral
ID_289,Type B,2018-10-16,433,138.41,Positive
ID_290,Type A,2018-10-17,904,221.14,Positive
ID_291,Type B,2018-10-18,623,455.11,Neutral
ID_292,Type D,2018-10-19,683,489.7,Neutral
ID_293,Type A,2018-10-20,726,454.52,Neutral
ID_294,Type D,2018-10-21,726,395.59,Positive
ID_295,Type D,2018-10-22,519,231.57,Positive
ID_296,Type D,2018-10-23,398,493.92,Negative
ID_297,Type A,2018-10-24,457,195.24,Negative
ID_298,Type D,2018-10-25,644,465.8,Positive
ID_299,Type C,2018-10-26,685,344.57,Negative
ID_300,Type B,2018-10-27,421,423.19,Negative
ID_301,Type D,2018-10-28,844,46.04,Neutral
ID_302,Type A,2018-10-29,950,87.58,Neutral
ID_303,Type A,2018-10-30,762,238.97,Positive
ID_304,Type B,2018-10-31,86,30.62,Negative
ID_305,Type D,2018-11-01,946,450.65,Negative
ID_306,Type B,2018-11-02,704,272.71,Negative
ID_307,Type A,2018-11-03,812,180.46,Positive
ID_308,Type A,2018-11-04,408,392.24,Neutral
ID_309,Type B,2018-11-05,139,246.04,Neutral
ID_310,Type B,2018-11-06,349,154.72,Neutral
ID_311,Type A,2018-11-07,828,453.43,Positive
ID_312,Type A,2018-11-08,222,300.42,Neutral
ID_313,Type B,2018-11-09,720,174.48,Positive
ID_314,Type A,2018-11-10,368,401.06,Positive
ID_315,Type C,2018-11-11,657,294.96,Positive
ID_316,Type B,2018-11-12,449,104.85,Neutral
ID_317,Type C,2018-11-13,389,121.53,Positive
ID_318,Type C,2018-11-14,978,97.77,Neutral
ID_319,Type A,2018-11-15,737,416.8,Positive
ID_320,Type A,2018-11-16,553,241.13,Positive
ID_321,Type A,2018-11-17,474,180.65,Positive
ID_322,Type A,2018-11-18,307,308.29,Negative
ID_323,Type A,2018-11-19,296,310.01,Negative
ID_324,Type B,2018-11-20,127,275.12,Neutral
ID_325,Type A,2018-11-21,342,280.81,Neutral
ID_326,Type B,2018-11-22,35,140.25,Negative
ID_327,Type C,2018-11-23,768,198.93,Neutral
ID_328,Type B,2018-11-24,618,360.34,Neutral
ID_329,Type A,2018-11-25,847,381.46,Neutral
ID_330,Type C,2018-11-26,583,412.71,Negative
ID_331,Type D,2018-11-27,803,366.13,Neutral
ID_332,Type D,2018-11-28,570,89.9,Neutral
ID_333,Type B,2018-11-29,631,287.37,Negative
ID_334,Type D,2018-11-30,856,427.06,Neutral
ID_335,Type D,2018-12-01,866,226.18,Neutral
ID_336,Type B,2018-12-02,238,127.86,Neutral
ID_337,Type C,2018-12-03,343,398.31,Negative
ID_338,Type C,2018-12-04,704,237.67,Positive
ID_339,Type A,2018-12-05,109,191.84,Neutral
ID_340,Type B,2018-12-06,332,168.17,Neutral
ID_341,Type C,2018-12-07,94,416.98,Negative
ID_342,Type A,2018-12-08,759,476.64,Positive
ID_343,Type D,2018-12-09,770,379.28,Positive
ID_344,Type D,2018-12-10,706,198.01,Neutral
ID_345,Type A,2018-12-11,168,55.11,Positive
ID_346,Type C,2018-12-12,822,42.87,Negative
ID_347,Type D,2018-12-13,212,374.34,Positive
ID_348,Type C,2018-12-14,516,306.17,Negative
ID_349,Type D,2018-12-15,209,239.55,Positive
ID_350,Type D,2018-12-16,440,179.54,Positive
ID_351,Type A,2018-12-17,258,435.92,Positive
ID_352,Type C,2018-12-18,372,70.69,Neutral
ID_353,Type D,2018-12-19,100,408.53,Neutral
ID_354,Type B,2018-12-20,801,369.35,Neutral
ID_355,Type C,2018-12-21,119,263.99,Negative
ID_356,Type A,2018-12-22,77,176.72,Positive
ID_357,Type A,2018-12-23,683,358.01,Positive
ID_358,Type C,2018-12-24,444,220.05,Negative
ID_359,Type C,2018-12-25,625,227.17,Positive
ID_360,Type C,2018-12-26,267,198.57,Positive
ID_361,Type C,2018-12-27,258,137.09,Neutral
ID_362,Type A,2018-12-28,94,484.32,Positive
ID_363,Type D,2018-12-29,378,106.19,Negative
ID_364,Type C,2018-12-30,97,379.29,Positive
ID_365,Type D,2018-12-31,472,406.47,Negative
ID_366,Type B,2019-01-01,165,226.06,Negative
ID_367,Type B,2019-01-02,777,361.83,Neutral
ID_368,Type D,2019-01-03,522,304.84,Neutral
ID_369,Type C,2019-01-04,759,371.39,Positive
ID_370,Type A,2019-01-05,629,234.39,Positive
ID_371,Type D,2019-01-06,571,430.96,Negative
ID_372,Type C,2019-01-07,900,324.52,Positive
ID_373,Type D,2019-01-08,403,391.52,Positive
ID_374,Type B,2019-01-09,477,33.94,Neutral
ID_375,Type D,2019-01-10,954,337.12,Neutral
ID_376,Type B,2019-01-11,753,221.9,Negative
ID_377,Type A,2019-01-12,935,435.72,Negative
ID_378,Type A,2019-01-13,153,22.61,Negative
ID_379,Type C,2019-01-14,835,416.91,Neutral
ID_380,Type C,2019-01-15,140,267.76,Positive
ID_381,Type A,2019-01-16,816,213.87,Neutral
ID_382,Type D,2019-01-17,378,299.28,Positive
ID_383,Type C,2019-01-18,900,37.12,Negative
ID_384,Type B,2019-01-19,756,83.94,Negative
ID_385,Type D,2019-01-20,598,88.11,Negative
ID_386,Type C,2019-01-21,596,494.01,Negative
ID_387,Type C,2019-01-22,247,304.53,Neutral
ID_388,Type C,2019-01-23,893,483.71,Positive
ID_389,Type C,2019-01-24,88,158.57,Negative
ID_390,Type B,2019-01-25,4,463.57,Neutral
ID_391,Type C,2019-01-26,456,100.69,Neutral
ID_392,Type C,2019-01-27,501,58.03,Negative
ID_393,Type C,2019-01-28,809,463.19,Positive
ID_394,Type A,2019-01-29,356,98.7,Positive
ID_395,Type D,2019-01-30,592,37.87,Positive
ID_396,Type B,2019-01-31,807,315.51,Neutral
ID_397,Type C,2019-02-01,816,45.66,Positive
ID_398,Type D,2019-02-02,815,18.81,Neutral
ID_399,Type D,2019-02-03,548,127.58,Positive
ID_400,Type C,2019-02-04,842,61.07,Negative
ID_401,Type D,2019-02-05,308,341.52,Positive
ID_402,Type A,2019-02-06,695,213.52,Neutral
ID_403,Type D,2019-02-07,130,248.06,Negative
ID_404,Type C,2019-02-08,182,164.95,Neutral
ID_405,Type D,2019-02-09,602,104.27,Negative
ID_406,Type A,2019-02-10,113,441.13,Negative
ID_407,Type D,2019-02-11,936,47.21,Negative
ID_408,Type A,2019-02-12,638,409.81,Positive
ID_409,Type A,2019-02-13,728,76.97,Positive
ID_410,Type A,2019-02-14,489,148.65,Neutral
ID_411,Type C,2019-02-15,510,433.93,Positive
ID_412,Type C,2019-02-16,153,368.72,Positive
ID_413,Type B,2019-02-17,503,199.89,Neutral
ID_414,Type C,2019-02-18,653,111.6,Negative
ID_415,Type D,2019-02-19,435,311.26,Neutral
ID_416,Type C,2019-02-20,633,256.46,Positive
ID_417,Type C,2019-02-21,264,58.74,Neutral
ID_418,Type B,2019-02-22,813,193.93,Positive
ID_419,Type B,2019-02-23,407,444.59,Negative
ID_420,Type A,2019-02-24,942,373.69,Positive
ID_421,Type A,2019-02-25,332,489.26,Neutral
ID_422,Type B,2019-02-26,892,380.34,Positive
ID_423,Type D,2019-02-27,968,327.92,Positive
ID_424,Type D,2019-02-28,804,285.66,Positive
ID_425,Type A,2019-03-01,417,400.82,Positive
ID_426,Type B,2019-03-02,295,194.33,Negative
ID_427,Type D,2019-03-03,581,455.31,Negative
ID_428,Type A,2019-03-04,733,186.02,Positive
ID_429,Type D,2019-03-05,988,284.33,Positive
ID_430,Type A,2019-03-06,703,126.77,Negative
ID_431,Type B,2019-03-07,621,205.43,Positive
ID_432,Type B,2019-03-08,629,56.91,Negative
ID_433,Type B,2019-03-09,495,55.32,Positive
ID_434,Type C,2019-03-10,253,288.33,Negative
ID_435,Type A,2019-03-11,567,68.37,Negative
ID_436,Type B,2019-03-12,95,360.23,Positive
ID_437,Type A,2019-03-13,693,215.0,Negative
ID_438,Type C,2019-03-14,813,111.17,Negative
ID_439,Type B,2019-03-15,503,127.7,Positive
ID_440,Type B,2019-03-16,789,172.22,Neutral
ID_441,Type D,2019-03-17,575,129.44,Neutral
ID_442,Type B,2019-03-18,996,134.72,Negative
ID_443,Type A,2019-03-19,957,458.94,Negative
ID_444,Type A,2019-03-20,368,274.17,Positive
ID_445,Type A,2019-03-21,247,329.91,Positive
ID_446,Type D,2019-03-22,465,346.98,Positive
ID_447,Type D,2019-03-23,643,247.02,Neutral
ID_448,Type B,2019-03-24,695,111.28,Positive
ID_449,Type C,2019-03-25,177,88.33,Neutral
ID_450,Type B,2019-03-26,530,424.4,Negative
ID_451,Type B,2019-03-27,804,183.25,Positive
ID_452,Type C,2019-03-28,867,484.5,Neutral
ID_453,Type D,2019-03-29,926,273.83,Neutral
ID_454,Type D,2019-03-30,907,272.18,Neutral
ID_455,Type C,2019-03-31,736,474.36,Neutral
ID_456,Type A,2019-04-01,288,111.44,Negative
ID_457,Type A,2019-04-02,441,146.01,Neutral
ID_458,Type C,2019-04-03,507,132.7,Neutral
ID_459,Type A,2019-04-04,981,220.82,Negative
ID_460,Type D,2019-04-05,205,24.14,Neutral
ID_461,Type D,2019-04-06,618,203.24,Negative
ID_462,Type D,2019-04-07,91,237.67,Positive
ID_463,Type B,2019-04-08,225,443.26,Neutral
ID_464,Type B,2019-04-09,444,72.51,Negative
ID_465,Type C,2019-04-10,2,89.96,Positive
ID_466,Type A,2019-04-11,736,348.44,Negative
ID_467,Type D,2019-04-12,982,82.69,Negative
ID_468,Type A,2019-04-13,924,24.13,Neutral
ID_469,Type A,2019-04-14,907,262.32,Neutral
ID_470,Type A,2019-04-15,876,239.93,Neutral
ID_471,Type B,2019-04-16,672,20.48,Neutral
ID_472,Type B,2019-04-17,401,133.02,Positive
ID_473,Type C,2019-04-18,51,276.36,Positive
ID_474,Type A,2019-04-19,193,21.7,Negative
ID_475,Type B,2019-04-20,143,268.25,Negative
ID_476,Type C,2019-04-21,361,244.5,Neutral
ID_477,Type C,2019-04-22,154,433.43,Neutral
ID_478,Type D,2019-04-23,114,445.83,Neutral
ID_479,Type B,2019-04-24,794,173.07,Neutral
ID_480,Type D,2019-04-25,712,177.1,Negative
ID_481,Type A,2019-04-26,191,24.18,Neutral
ID_482,Type B,2019-04-27,126,219.01,Positive
ID_483,Type D,2019-04-28,413,77.45,Neutral
ID_484,Type B,2019-04-29,113,409.49,Positive
ID_485,Type A,2019-04-30,141,262.58,Neutral
ID_486,Type D,2019-05-01,806,417.22,Negative
ID_487,Type B,2019-05-02,254,253.62,Positive
ID_488,Type A,2019-05-03,538,287.08,Neutral
ID_489,Type D,2019-05-04,496,358.73,Positive
ID_490,Type B,2019-05-05,109,201.38,Positive
ID_491,Type C,2019-05-06,997,253.47,Positive
ID_492,Type C,2019-05-07,693,139.49,Positive
ID_493,Type B,2019-05-08,343,374.36,Positive
ID_494,Type A,2019-05-09,84,485.74,Negative
ID_495,Type D,2019-05-10,403,344.95,Neutral
ID_496,Type A,2019-05-11,867,87.31,Neutral
ID_497,Type D,2019-05-12,557,226.03,Positive
ID_498,Type B,2019-05-13,748,301.25,Negative
ID_499,Type B,2019-05-14,817,468.99,Negative
ID_500,Type A,2019-05-15,129,313.64,Negative
ID_501,Type C,2019-05-16,191,198.89,Positive
ID_502,Type A,2019-05-17,143,266.97,Positive
ID_503,Type D,2019-05-18,163,172.53,Negative
ID_504,Type A,2019-05-19,45,182.13,Negative
ID_505,Type C,2019-05-20,737,416.9,Neutral
ID_506,Type D,2019-05-21,142,155.66,Positive
ID_507,Type D,2019-05-22,383,429.84,Positive
ID_508,Type D,2019-05-23,964,341.09,Positive
ID_509,Type C,2019-05-24,780,160.61,Negative
ID_510,Type A,2019-05-25,62,179.99,Positive
ID_511,Type C,2019-05-26,505,464.71,Neutral
ID_512,Type B,2019-05-27,272,372.2,Positive
ID_513,Type C,2019-05-28,770,359.87,Positive
ID_514,Type D,2019-05-29,847,474.12,Positive
ID_515,Type C,2019-05-30,525,21.76,Positive
ID_516,Type B,2019-05-31,82,170.98,Negative
ID_517,Type C,2019-06-01,740,302.33,Neutral
ID_518,Type B,2019-06-02,661,100.15,Negative
ID_519,Type A,2019-06-03,871,399.69,Neutral
ID_520,Type A,2019-06-04,231,19.54,Neutral
ID_521,Type D,2019-06-05,91,129.74,Positive
ID_522,Type C,2019-06-06,420,112.27,Neutral
ID_523,Type A,2019-06-07,559,225.34,Negative
ID_524,Type D,2019-06-08,321,493.45,Positive
ID_525,Type B,2019-06-09,868,320.07,Neutral
ID_526,Type D,2019-06-10,12,168.21,Neutral
ID_527,Type D,2019-06-11,452,409.53,Negative
ID_528,Type A,2019-06-12,105,103.87,Neutral
ID_529,Type A,2019-06-13,387,157.63,Negative
ID_530,Type D,2019-06-14,125,227.7,Neutral
ID_531,Type D,2019-06-15,117,211.9,Negative
ID_532,Type A,2019-06-16,156,423.32,Negative
ID_533,Type D,2019-06-17,213,307.39,Negative
ID_534,Type C,2019-06-18,42,393.16,Positive
ID_535,Type C,2019-06-19,223,375.72,Neutral
ID_536,Type A,2019-06-20,626,144.87,Neutral
ID_537,Type D,2019-06-21,176,408.77,Neutral
ID_538,Type C,2019-06-22,751,388.87,Positive
ID_539,Type B,2019-06-23,45,302.51,Positive
ID_540,Type B,2019-06-24,137,499.19,Positive
ID_541,Type D,2019-06-25,844,14.98,Neutral
ID_542,Type A,2019-06-26,589,286.62,Neutral
ID_543,Type B,2019-06-27,611,52.51,Negative
ID_544,Type A,2019-06-28,734,115.62,Neutral
ID_545,Type B,2019-06-29,505,20.45,Positive
ID_546,Type D,2019-06-30,689,342.11,Positive
ID_547,Type C,2019-07-01,711,469.57,Negative
ID_548,Type C,2019-07-02,620,138.24,Neutral
ID_549,Type A,2019-07-03,456,21.66,Neutral
ID_550,Type C,2019-07-04,510,23.51,Negative
ID_551,Type B,2019-07-05,685,256.1,Neutral
ID_552,Type D,2019-07-06,579,248.5,Neutral
ID_553,Type C,2019-07-07,334,38.69,Positive
ID_554,Type D,2019-07-08,527,139.83,Negative
ID_555,Type C,2019-07-09,356,119.98,Positive
ID_556,Type B,2019-07-10,808,417.31,Negative
ID_557,Type B,2019-07-11,15,154.65,Positive
ID_558,Type D,2019-07-12,182,197.68,Negative
ID_559,Type C,2019-07-13,915,230.91,Neutral
ID_560,Type D,2019-07-14,955,308.04,Positive
ID_561,Type A,2019-07-15,592,109.69,Neutral
ID_562,Type B,2019-07-16,65,471.78,Negative
ID_563,Type B,2019-07-17,835,88.61,Positive
ID_564,Type C,2019-07-18,182,104.64,Positive
ID_565,Type A,2019-07-19,192,447.54,Negative
ID_566,Type B,2019-07-20,345,411.61,Neutral
ID_567,Type C,2019-07-21,146,35.99,Negative
ID_568,Type C,2019-07-22,595,245.0,Negative
ID_569,Type C,2019-07-23,4,17.21,Neutral
ID_570,Type D,2019-07-24,436,356.28,Neutral
ID_571,Type D,2019-07-25,500,63.03,Positive
ID_572,Type C,2019-07-26,44,144.87,Negative
ID_573,Type B,2019-07-27,873,299.93,Neutral
ID_574,Type B,2019-07-28,507,55.49,Neutral
ID_575,Type C,2019-07-29,61,380.65,Neutral
ID_576,Type A,2019-07-30,881,273.22,Neutral
ID_577,Type B,2019-07-31,967,424.36,Negative
ID_578,Type B,2019-08-01,145,312.84,Negative
ID_579,Type B,2019-08-02,453,357.16,Positive
ID_580,Type B,2019-08-03,325,206.36,Negative
ID_581,Type C,2019-08-04,782,436.66,Negative
ID_582,Type C,2019-08-05,893,119.63,Negative
ID_583,Type A,2019-08-06,115,299.38,Negative
ID_584,Type C,2019-08-07,190,12.41,Negative
ID_585,Type A,2019-08-08,470,110.85,Positive
ID_586,Type A,2019-08-09,663,241.09,Positive
ID_587,Type D,2019-08-10,487,151.52,Neutral
ID_588,Type A,2019-08-11,759,339.31,Neutral
ID_589,Type D,2019-08-12,131,459.59,Positive
ID_590,Type A,2019-08-13,111,432.91,Negative
ID_591,Type C,2019-08-14,733,153.62,Neutral
ID_592,Type A,2019-08-15,817,217.2,Positive
ID_593,Type D,2019-08-16,598,472.26,Negative
ID_594,Type B,2019-08-17,400,130.01,Positive
ID_595,Type B,2019-08-18,879,398.83,Negative
ID_596,Type A,2019-08-19,810,352.31,Neutral
ID_597,Type B,2019-08-20,44,39.92,Positive
ID_598,Type D,2019-08-21,467,277.91,Neutral
ID_599,Type A,2019-08-22,633,388.69,Positive
ID_600,Type B,2019-08-23,167,436.55,Neutral
ID_601,Type C,2019-08-24,199,125.19,Negative
ID_602,Type D,2019-08-25,69,287.97,Positive
ID_603,Type B,2019-08-26,742,394.61,Positive
ID_604,Type C,2019-08-27,458,271.64,Neutral
ID_605,Type A,2019-08-28,795,192.76,Negative
ID_606,Type B,2019-08-29,886,12.65,Neutral
ID_607,Type A,2019-08-30,935,231.19,Positive
ID_608,Type A,2019-08-31,655,260.76,Negative
ID_609,Type D,2019-09-01,773,36.5,Positive
ID_610,Type D,2019-09-02,390,194.61,Positive
ID_611,Type D,2019-09-03,64,457.48,Negative
ID_612,Type C,2019-09-04,282,52.3,Positive
ID_613,Type D,2019-09-05,370,215.15,Neutral
ID_614,Type B,2019-09-06,930,19.81,Negative
ID_615,Type C,2019-09-07,972,197.35,Positive
ID_616,Type D,2019-09-08,117,64.16,Neutral
ID_617,Type D,2019-09-09,745,453.12,Neutral
ID_618,Type B,2019-09-10,465,333.75,Neutral
ID_619,Type D,2019-09-11,203,115.37,Positive
ID_620,Type B,2019-09-12,858,51.22,Negative
ID_621,Type C,2019-09-13,501,244.97,Neutral
ID_622,Type B,2019-09-14,304,80.13,Neutral
ID_623,Type D,2019-09-15,370,273.52,Negative
ID_624,Type A,2019-09-16,95,327.2,Neutral
ID_625,Type C,2019-09-17,764,167.3,Neutral
ID_626,Type A,2019-09-18,179,412.37,Positive
ID_627,Type C,2019-09-19,160,271.4,Neutral
ID_628,Type D,2019-09-20,830,406.35,Negative
ID_629,Type B,2019-09-21,331,462.5,Negative
ID_630,Type B,2019-09-22,854,445.57,Neutral
ID_631,Type C,2019-09-23,831,149.05,Negative
ID_632,Type C,2019-09-24,929,489.88,Positive
ID_633,Type C,2019-09-25,85,495.43,Negative
ID_634,Type B,2019-09-26,613,390.56,Positive
ID_635,Type B,2019-09-27,358,301.8,Neutral
ID_636,Type B,2019-09-28,78,398.07,Positive
ID_637,Type D,2019-09-29,210,68.34,Positive
ID_638,Type A,2019-09-30,815,67.98,Positive
ID_639,Type B,2019-10-01,833,224.91,Negative
ID_640,Type D,2019-10-02,621,51.44,Positive
ID_641,Type C,2019-10-03,777,15.48,Neutral
ID_642,Type B,2019-10-04,743,132.68,Positive
ID_643,Type A,2019-10-05,632,390.59,Negative
ID_644,Type B,2019-10-06,612,160.05,Neutral
ID_645,Type A,2019-10-07,926,46.54,Positive
ID_646,Type A,2019-10-08,992,388.28,Negative
ID_647,Type B,2019-10-09,263,326.21,Negative
ID_648,Type B,2019-10-10,533,79.11,Positive
ID_649,Type A,2019-10-11,225,398.91,Positive
ID_650,Type C,2019-10-12,974,345.78,Negative
ID_651,Type C,2019-10-13,517,69.24,Positive
ID_652,Type D,2019-10-14,992,309.27,Neutral
ID_653,Type D,2019-10-15,384,457.33,Neutral
ID_654,Type C,2019-10-16,841,21.69,Positive
ID_655,Type D,2019-10-17,785,58.38,Positive
ID_656,Type D,2019-10-18,731,376.46,Negative
ID_657,Type C,2019-10-19,415,426.0,Neutral
ID_658,Type B,2019-10-20,515,99.07,Neutral
ID_659,Type B,2019-10-21,151,287.31,Positive
ID_660,Type A,2019-10-22,362,226.9,Neutral
ID_661,Type A,2019-10-23,116,387.18,Neutral
ID_662,Type C,2019-10-24,638,300.91,Positive
ID_663,Type B,2019-10-25,997,99.85,Negative
ID_664,Type D,2019-10-26,199,86.06,Neutral
ID_665,Type D,2019-10-27,156,260.12,Positive
ID_666,Type C,2019-10-28,941,490.17,Neutral
ID_667,Type B,2019-10-29,611,325.07,Positive
ID_668,Type A,2019-10-30,955,463.41,Negative
ID_669,Type B,2019-10-31,281,405.08,Positive
ID_670,Type A,2019-11-01,104,13.51,Neutral
ID_671,Type B,2019-11-02,502,267.21,Neutral
ID_672,Type B,2019-11-03,185,198.45,Positive
ID_673,Type A,2019-11-04,176,372.55,Negative
ID_674,Type C,2019-11-05,609,96.02,Negative
ID_675,Type D,2019-11-06,21,165.17,Positive
ID_676,Type D,2019-11-07,218,276.74,Neutral
ID_677,Type B,2019-11-08,455,302.07,Neutral
ID_678,Type C,2019-11-09,801,494.53,Neutral
ID_679,Type C,2019-11-10,646,470.45,Positive
ID_680,Type D,2019-11-11,931,331.24,Negative
ID_681,Type A,2019-11-12,420,261.28,Neutral
ID_682,Type C,2019-11-13,857,247.97,Positive
ID_683,Type D,2019-11-14,715,75.05,Positive
ID_684,Type C,2019-11-15,722,84.85,Negative
ID_685,Type B,2019-11-16,62,341.79,Neutral
ID_686,Type C,2019-11-17,892,234.46,Positive
ID_687,Type D,2019-11-18,565,95.05,Neutral
ID_688,Type D,2019-11-19,321,399.47,Neutral
ID_689,Type A,2019-11-20,398,124.25,Negative
ID_690,Type C,2019-11-21,871,143.2,Positive
ID_691,Type B,2019-11-22,167,339.64,Neutral
ID_692,Type B,2019-11-23,556,98.79,Neutral
ID_693,Type B,2019-11-24,910,490.61,Positive
ID_694,Type C,2019-11-25,983,258.52,Neutral
ID_695,Type A,2019-11-26,883,453.62,Negative
ID_696,Type C,2019-11-27,478,242.7,Negative
ID_697,Type C,2019-11-28,684,457.24,Negative
ID_698,Type B,2019-11-29,18,106.41,Neutral
ID_699,Type A,2019-11-30,21,399.58,Negative
ID_700,Type A,2019-12-01,750,248.49,Positive
ID_701,Type B,2019-12-02,747,100.9,Positive
ID_702,Type D,2019-12-03,698,300.99,Positive
ID_703,Type D,2019-12-04,748,412.83,Positive
ID_704,Type C,2019-12-05,676,267.83,Neutral
ID_705,Type D,2019-12-06,213,416.8,Neutral
ID_706,Type D,2019-12-07,185,141.48,Neutral
ID_707,Type C,2019-12-08,331,236.8,Negative
ID_708,Type A,2019-12-09,791,255.39,Negative
ID_709,Type A,2019-12-10,428,114.39,Negative
ID_710,Type B,2019-12-11,210,198.8,Neutral
ID_711,Type A,2019-12-12,756,491.69,Positive
ID_712,Type C,2019-12-13,821,30.61,Neutral
ID_713,Type A,2019-12-14,982,393.13,Positive
ID_714,Type B,2019-12-15,684,432.17,Negative
ID_715,Type B,2019-12-16,396,267.79,Positive
ID_716,Type C,2019-12-17,105,207.91,Positive
ID_717,Type D,2019-12-18,727,266.4,Positive
ID_718,Type C,2019-12-19,88,490.23,Positive
ID_719,Type C,2019-12-20,875,491.88,Positive
ID_720,Type D,2019-12-21,402,248.35,Negative
ID_721,Type B,2019-12-22,780,324.81,Positive
ID_722,Type B,2019-12-23,592,363.17,Neutral
ID_723,Type A,2019-12-24,375,321.67,Neutral
ID_724,Type B,2019-12-25,673,135.76,Positive
ID_725,Type D,2019-12-26,682,30.41,Neutral
ID_726,Type A,2019-12-27,484,493.03,Negative
ID_727,Type D,2019-12-28,668,180.91,Positive
ID_728,Type C,2019-12-29,394,430.34,Neutral
ID_729,Type A,2019-12-30,447,152.24,Neutral
ID_730,Type D,2019-12-31,724,305.27,Neutral
ID_731,Type D,2020-01-01,369,421.92,Neutral
ID_732,Type C,2020-01-02,633,75.93,Positive
ID_733,Type D,2020-01-03,364,466.32,Positive
ID_734,Type C,2020-01-04,378,440.38,Neutral
ID_735,Type D,2020-01-05,68,230.88,Negative
ID_736,Type B,2020-01-06,347,17.23,Neutral
ID_737,Type D,2020-01-07,590,233.99,Neutral
ID_738,Type B,2020-01-08,517,272.14,Neutral
ID_739,Type C,2020-01-09,971,393.43,Positive
ID_740,Type D,2020-01-10,221,249.27,Negative
ID_741,Type D,2020-01-11,483,229.69,Positive
ID_742,Type D,2020-01-12,371,391.82,Neutral
ID_743,Type C,2020-01-13,343,186.93,Positive
ID_744,Type B,2020-01-14,236,95.12,Positive
ID_745,Type A,2020-01-15,964,104.46,Negative
ID_746,Type B,2020-01-16,800,200.19,Negative
ID_747,Type C,2020-01-17,149,95.97,Negative
ID_748,Type C,2020-01-18,622,444.13,Negative
ID_749,Type B,2020-01-19,962,191.54,Negative
ID_750,Type D,2020-01-20,102,375.91,Neutral
ID_751,Type D,2020-01-21,30,394.03,Positive
ID_752,Type C,2020-01-22,669,328.47,Neutral
ID_753,Type C,2020-01-23,191,344.08,Neutral
ID_754,Type A,2020-01-24,276,347.29,Positive
ID_755,Type C,2020-01-25,547,378.26,Neutral
ID_756,Type D,2020-01-26,511,71.92,Neutral
ID_757,Type C,2020-01-27,543,356.27,Negative
ID_758,Type D,2020-01-28,60,309.82,Negative
ID_759,Type A,2020-01-29,951,67.45,Negative
ID_760,Type A,2020-01-30,540,12.4,Neutral
ID_761,Type A,2020-01-31,127,148.75,Positive
ID_762,Type C,2020-02-01,209,293.64,Positive
ID_763,Type A,2020-02-02,905,146.05,Negative
ID_764,Type C,2020-02-03,669,319.91,Neutral
ID_765,Type D,2020-02-04,109,337.17,Positive
ID_766,Type D,2020-02-05,252,143.93,Negative
ID_767,Type D,2020-02-06,344,272.04,Negative
ID_768,Type B,2020-02-07,676,109.14,Positive
ID_769,Type C,2020-02-08,456,383.63,Positive
ID_770,Type C,2020-02-09,232,447.97,Neutral
ID_771,Type A,2020-02-10,98,259.53,Neutral
ID_772,Type A,2020-02-11,977,141.48,Positive
ID_773,Type D,2020-02-12,932,208.23,Neutral
ID_774,Type D,2020-02-13,925,337.44,Negative
ID_775,Type D,2020-02-14,267,21.64,Neutral
ID_776,Type D,2020-02-15,77,499.32,Positive
ID_777,Type B,2020-02-16,443,440.98,Neutral
ID_778,Type B,2020-02-17,378,139.4,Positive
ID_779,Type B,2020-02-18,398,315.82,Neutral
ID_780,Type A,2020-02-19,433,420.03,Neutral
ID_781,Type C,2020-02-20,930,420.51,Neutral
ID_782,Type B,2020-02-21,732,457.64,Negative
ID_783,Type B,2020-02-22,640,372.15,Negative
ID_784,Type D,2020-02-23,929,411.53,Positive
ID_785,Type A,2020-02-24,382,314.1,Positive
ID_786,Type D,2020-02-25,786,22.84,Neutral
ID_787,Type D,2020-02-26,106,114.7,Neutral
ID_788,Type A,2020-02-27,360,108.09,Neutral
ID_789,Type D,2020-02-28,158,422.92,Positive
ID_790,Type C,2020-02-29,72,177.76,Negative
ID_791,Type B,2020-03-01,2,91.2,Neutral
ID_792,Type C,2020-03-02,727,486.74,Neutral
ID_793,Type D,2020-03-03,837,333.44,Positive
ID_794,Type A,2020-03-04,123,194.65,Negative
ID_795,Type A,2020-03-05,518,349.09,Neutral
ID_796,Type B,2020-03-06,98,194.51,Negative
ID_797,Type B,2020-03-07,274,141.33,Positive
ID_798,Type A,2020-03-08,96,329.29,Negative
ID_799,Type C,2020-03-09,481,48.0,Neutral
ID_800,Type B,2020-03-10,347,39.86,Negative
ID_801,Type D,2020-03-11,823,167.66,Positive
ID_802,Type B,2020-03-12,923,450.4,Neutral
ID_803,Type D,2020-03-13,722,398.0,Neutral
ID_804,Type A,2020-03-14,219,291.82,Negative
ID_805,Type B,2020-03-15,855,496.34,Negative
ID_806,Type A,2020-03-16,909,428.8,Negative
ID_807,Type D,2020-03-17,311,148.83,Positive
ID_808,Type D,2020-03-18,786,395.24,Neutral
ID_809,Type A,2020-03-19,739,208.5,Neutral
ID_810,Type C,2020-03-20,948,469.03,Neutral
ID_811,Type B,2020-03-21,899,440.33,Positive
ID_812,Type A,2020-03-22,206,132.28,Positive
ID_813,Type A,2020-03-23,551,319.36,Negative
ID_814,Type C,2020-03-24,111,78.28,Negative
ID_815,Type C,2020-03-25,539,166.13,Negative
ID_816,Type C,2020-03-26,885,426.36,Neutral
ID_817,Type B,2020-03-27,447,200.81,Negative
ID_818,Type A,2020-03-28,390,80.75,Neutral
ID_819,Type C,2020-03-29,226,243.11,Negative
ID_820,Type C,2020-03-30,516,395.22,Positive
ID_821,Type C,2020-03-31,381,266.93,Positive
ID_822,Type D,2020-04-01,670,340.39,Positive
ID_823,Type C,2020-04-02,705,52.97,Negative
ID_824,Type D,2020-04-03,966,486.32,Positive
ID_825,Type B,2020-04-04,24,430.19,Positive
ID_826,Type A,2020-04-05,494,459.03,Neutral
ID_827,Type C,2020-04-06,376,449.6,Neutral
ID_828,Type B,2020-04-07,712,80.94,Neutral
ID_829,Type D,2020-04-08,925,372.17,Neutral
ID_830,Type D,2020-04-09,931,64.64,Negative
ID_831,Type C,2020-04-10,719,410.64,Neutral
ID_832,Type A,2020-04-11,603,336.04,Positive
ID_833,Type D,2020-04-12,184,492.49,Negative
ID_834,Type B,2020-04-13,380,129.91,Negative
ID_835,Type B,2020-04-14,499,462.0,Neutral
ID_836,Type C,2020-04-15,51,484.21,Positive
ID_837,Type B,2020-04-16,573,432.62,Negative
ID_838,Type B,2020-04-17,891,185.61,Negative
ID_839,Type B,2020-04-18,859,344.17,Positive
ID_840,Type D,2020-04-19,917,474.89,Neutral
ID_841,Type D,2020-04-20,940,402.26,Negative
ID_842,Type A,2020-04-21,875,401.33,Positive
ID_843,Type C,2020-04-22,572,409.05,Negative
ID_844,Type B,2020-04-23,851,304.41,Neutral
ID_845,Type A,2020-04-24,988,132.75,Neutral
ID_846,Type D,2020-04-25,263,238.77,Positive
ID_847,Type B,2020-04-26,280,399.26,Positive
ID_848,Type D,2020-04-27,713,360.2,Negative
ID_849,Type B,2020-04-28,324,462.36,Neutral
ID_850,Type A,2020-04-29,766,205.09,Positive
ID_851,Type A,2020-04-30,502,374.04,Positive
ID_852,Type A,2020-05-01,412,455.7,Negative
ID_853,Type B,2020-05-02,959,222.22,Positive
ID_854,Type D,2020-05-03,420,314.68,Negative
ID_855,Type A,2020-05-04,546,223.84,Negative
ID_856,Type B,2020-05-05,815,363.76,Positive
ID_857,Type A,2020-05-06,456,69.59,Negative
ID_858,Type D,2020-05-07,960,306.45,Neutral
ID_859,Type B,2020-05-08,696,468.77,Neutral
ID_860,Type B,2020-05-09,482,167.74,Negative
ID_861,Type A,2020-05-10,555,169.42,Positive
ID_862,Type A,2020-05-11,466,268.91,Neutral
ID_863,Type A,2020-05-12,925,196.61,Positive
ID_864,Type D,2020-05-13,470,165.3,Negative
ID_865,Type B,2020-05-14,788,113.82,Negative
ID_866,Type D,2020-05-15,651,19.86,Negative
ID_867,Type D,2020-05-16,930,154.92,Positive
ID_868,Type A,2020-05-17,733,54.07,Neutral
ID_869,Type C,2020-05-18,111,276.67,Neutral
ID_870,Type B,2020-05-19,559,440.28,Positive
ID_871,Type B,2020-05-20,281,63.0,Negative
ID_872,Type D,2020-05-21,192,155.45,Positive
ID_873,Type D,2020-05-22,892,232.44,Neutral
ID_874,Type C,2020-05-23,525,191.11,Neutral
ID_875,Type D,2020-05-24,903,128.25,Positive
ID_876,Type B,2020-05-25,6,135.78,Neutral
ID_877,Type A,2020-05-26,815,451.61,Neutral
ID_878,Type D,2020-05-27,537,112.78,Negative
ID_879,Type A,2020-05-28,471,169.67,Positive
ID_880,Type B,2020-05-29,104,33.01,Neutral
ID_881,Type D,2020-05-30,72,337.87,Negative
ID_882,Type B,2020-05-31,528,70.12,Negative
ID_883,Type A,2020-06-01,84,388.99,Neutral
ID_884,Type B,2020-06-02,133,41.2,Positive
ID_885,Type D,2020-06-03,515,74.59,Negative
ID_886,Type D,2020-06-04,116,328.83,Negative
ID_887,Type A,2020-06-05,499,50.12,Positive
ID_888,Type B,2020-06-06,520,205.3,Neutral
ID_889,Type A,2020-06-07,165,436.96,Neutral
ID_890,Type C,2020-06-08,371,17.48,Negative
ID_891,Type A,2020-06-09,617,219.69,Neutral
ID_892,Type A,2020-06-10,549,258.77,Negative
ID_893,Type A,2020-06-11,915,471.7,Negative
ID_894,Type C,2020-06-12,701,210.74,Negative
ID_895,Type D,2020-06-13,252,15.21,Negative
ID_896,Type B,2020-06-14,946,317.04,Negative
ID_897,Type C,2020-06-15,826,175.9,Positive
ID_898,Type D,2020-06-16,551,433.19,Neutral
ID_899,Type C,2020-06-17,454,110.7,Positive
ID_900,Type C,2020-06-18,202,64.65,Neutral
ID_901,Type B,2020-06-19,805,126.07,Negative
ID_902,Type D,2020-06-20,230,249.02,Negative
ID_903,Type B,2020-06-21,118,447.37,Negative
ID_904,Type C,2020-06-22,552,291.26,Neutral
ID_905,Type A,2020-06-23,694,95.17,Neutral
ID_906,Type C,2020-06-24,49,424.9,Negative
ID_907,Type C,2020-06-25,305,267.22,Positive
ID_908,Type A,2020-06-26,422,274.79,Neutral
ID_909,Type A,2020-06-27,37,189.11,Positive
ID_910,Type C,2020-06-28,240,405.71,Neutral
ID_911,Type A,2020-06-29,50,358.0,Neutral
ID_912,Type A,2020-06-30,114,231.85,Neutral
ID_913,Type B,2020-07-01,343,114.31,Negative
ID_914,Type B,2020-07-02,249,52.36,Negative
ID_915,Type B,2020-07-03,954,427.29,Neutral
ID_916,Type B,2020-07-04,981,290.08,Negative
ID_917,Type C,2020-07-05,877,430.91,Positive
ID_918,Type D,2020-07-06,452,174.57,Neutral
ID_919,Type B,2020-07-07,231,53.13,Positive
ID_920,Type D,2020-07-08,903,339.07,Neutral
ID_921,Type C,2020-07-09,44,256.69,Negative
ID_922,Type C,2020-07-10,76,73.88,Negative
ID_923,Type A,2020-07-11,809,198.6,Neutral
ID_924,Type D,2020-07-12,435,116.6,Positive
ID_925,Type D,2020-07-13,356,264.42,Neutral
ID_926,Type A,2020-07-14,570,73.47,Positive
ID_927,Type C,2020-07-15,888,86.2,Positive
ID_928,Type B,2020-07-16,669,461.99,Neutral
ID_929,Type C,2020-07-17,177,195.56,Negative
ID_930,Type C,2020-07-18,987,13.5,Positive
ID_931,Type B,2020-07-19,82,17.35,Negative
ID_932,Type A,2020-07-20,260,182.78,Neutral
ID_933,Type A,2020-07-21,426,175.01,Neutral
ID_934,Type C,2020-07-22,237,72.8,Positive
ID_935,Type A,2020-07-23,973,156.26,Negative
ID_936,Type D,2020-07-24,319,165.36,Negative
ID_937,Type D,2020-07-25,741,65.7,Positive
ID_938,Type B,2020-07-26,804,276.55,Neutral
ID_939,Type C,2020-07-27,136,82.75,Negative
ID_940,Type A,2020-07-28,895,384.98,Negative
ID_941,Type B,2020-07-29,252,485.46,Negative
ID_942,Type C,2020-07-30,546,488.17,Negative
ID_943,Type D,2020-07-31,582,35.86,Neutral
ID_944,Type C,2020-08-01,681,332.14,Neutral
ID_945,Type B,2020-08-02,569,22.91,Positive
ID_946,Type D,2020-08-03,473,400.07,Negative
ID_947,Type A,2020-08-04,639,110.87,Neutral
ID_948,Type D,2020-08-05,31,32.79,Neutral
ID_949,Type B,2020-08-06,772,181.64,Positive
ID_950,Type C,2020-08-07,557,276.94,Negative
ID_951,Type A,2020-08-08,704,237.38,Positive
ID_952,Type D,2020-08-09,147,455.04,Negative
ID_953,Type B,2020-08-10,129,51.16,Positive
ID_954,Type B,2020-08-11,618,30.54,Negative
ID_955,Type C,2020-08-12,536,281.38,Neutral
ID_956,Type A,2020-08-13,195,252.85,Neutral
ID_957,Type C,2020-08-14,577,95.9,Negative
ID_958,Type B,2020-08-15,482,240.53,Negative
ID_959,Type D,2020-08-16,442,12.69,Neutral
ID_960,Type C,2020-08-17,448,94.57,Neutral
ID_961,Type B,2020-08-18,492,110.03,Neutral
ID_962,Type B,2020-08-19,376,260.33,Neutral
ID_963,Type D,2020-08-20,806,453.87,Negative
ID_964,Type B,2020-08-21,399,323.05,Positive
ID_965,Type C,2020-08-22,235,11.9,Neutral
ID_966,Type B,2020-08-23,200,85.24,Neutral
ID_967,Type B,2020-08-24,848,19.87,Neutral
ID_968,Type B,2020-08-25,61,120.92,Neutral
ID_969,Type C,2020-08-26,100,328.63,Neutral
ID_970,Type A,2020-08-27,846,465.51,Positive
ID_971,Type C,2020-08-28,17,84.49,Positive
ID_972,Type A,2020-08-29,58,88.19,Negative
ID_973,Type A,2020-08-30,8,166.22,Neutral
ID_974,Type C,2020-08-31,964,108.33,Positive
ID_975,Type C,2020-09-01,161,343.02,Negative
ID_976,Type D,2020-09-02,512,55.07,Negative
ID_977,Type A,2020-09-03,940,170.11,Neutral
ID_978,Type B,2020-09-04,28,209.63,Neutral
ID_979,Type A,2020-09-05,206,434.81,Negative
ID_980,Type B,2020-09-06,705,174.88,Positive
ID_981,Type D,2020-09-07,754,317.23,Positive
ID_982,Type D,2020-09-08,315,260.87,Neutral
ID_983,Type A,2020-09-09,364,96.12,Negative
ID_984,Type C,2020-09-10,884,366.38,Negative
ID_985,Type A,2020-09-11,880,93.2,Neutral
ID_986,Type B,2020-09-12,803,301.82,Positive
ID_987,Type A,2020-09-13,435,319.92,Positive
ID_988,Type B,2020-09-14,632,65.5,Positive
ID_989,Type A,2020-09-15,323,154.81,Neutral
ID_990,Type C,2020-09-16,696,129.12,Negative
ID_991,Type C,2020-09-17,978,368.86,Positive
ID_992,Type C,2020-09-18,886,203.66,Negative
ID_993,Type A,2020-09-19,367,291.67,Positive
ID_994,Type D,2020-09-20,424,138.37,Neutral
ID_995,Type B,2020-09-21,445,266.94,Negative
ID_996,Type C,2020-09-22,953,470.24,Neutral
ID_997,Type A,2020-09-23,337,10.2,Negative
ID_998,Type B,2020-09-24,992,356.25,Negative
ID_999,Type C,2020-09-25,713,349.05,Negative
ID_1000,Type A,2020-09-26,273,249.35,Neutral
